{"products":[{"id":"0.92839615371176","qty":2}],"totalPrice":69.96000000000001}